company,word_count,sentence_count,avg_sentence_length,char_count,unique_words,flesch_reading_ease,flesch_kincaid_grade,legal_term_count,norm_word_count,norm_avg_sentence_length,norm_unique_words,norm_flesch_reading_ease,norm_legal_term_count,score_raw,obfuscation_score,label
Salesforce,10344,308,33.58441558441559,66231,1942,11.872229875587038,21.13941679374133,70,0.365086,0.378791,0.481523,0.983535,0.463576,0.616311,61.63,Obfuscated
WeChat,19357,883,21.92185730464326,120214,1708,34.30008578802091,14.460871573881011,151,0.700204,0.162827,0.415515,0.436077,1.0,0.504906,50.49,Obfuscated
Corsair,9981,427,23.374707259953162,65097,1778,19.772677275844103,17.506099448373046,68,0.35159,0.18973,0.435261,0.790687,0.450331,0.492924,49.29,Obfuscated
Monday.com,6439,251,25.653386454183266,42198,1598,15.823778169014105,18.989498435054774,47,0.219892,0.231926,0.384485,0.887078,0.311258,0.491148,49.11,Obfuscated
Stripe,27420,728,37.66483516483517,160728,3780,42.96865524741155,19.33402817432825,68,1.0,0.454351,1.0,0.224479,0.450331,0.482222,48.22,Obfuscated
Freshworks,12705,591,21.497461928934012,78871,2295,31.927893050807512,15.316820860207812,90,0.452872,0.154968,0.5811,0.493981,0.596026,0.434238,43.42,Obfuscated
Western Union,7955,324,24.55246913580247,51171,1825,21.23549343128576,17.55680609729833,25,0.27626,0.211539,0.448519,0.75498,0.165563,0.422718,42.27,Obfuscated
Equifax,939,35,26.82857142857143,6663,294,11.197692730240476,18.54385366313014,0,0.015393,0.253688,0.016643,1.0,0.0,0.416626,41.66,Obfuscated
Okta,10573,481,21.98128898128898,67594,1932,25.66867123435793,16.30969122227092,46,0.373601,0.163927,0.478702,0.646767,0.304636,0.413508,41.35,Obfuscated
Snowflake,4665,202,23.094059405940595,31257,1187,18.06112427666025,18.232224671626714,24,0.153932,0.184533,0.268547,0.832465,0.15894,0.411532,41.15,Obfuscated
Squarespace,10501,478,21.968619246861923,66714,1900,28.61660843304412,15.638461141480946,63,0.370924,0.163692,0.469676,0.574809,0.417219,0.40961,40.96,Obfuscated
SoundCloud,12955,537,24.124767225325886,80326,2285,33.72448147133636,15.167804836460366,68,0.462168,0.203619,0.578279,0.450127,0.450331,0.40256,40.26,Obfuscated
Line,6051,212,28.54245283018868,38163,1266,23.654772874756674,17.196773379479414,25,0.205466,0.285425,0.290832,0.695926,0.165563,0.397673,39.77,Obfuscated
Slack,5957,247,24.11740890688259,39339,1374,22.663292891512896,16.424022353029496,32,0.201971,0.203483,0.321298,0.720128,0.211921,0.397627,39.76,Obfuscated
Adobe,6609,275,24.03272727272727,42351,1454,24.198227529394302,16.72329551709655,35,0.226213,0.201915,0.343865,0.68266,0.231788,0.392775,39.28,Obfuscated
Square (Block),8103,312,25.971153846153847,50711,1689,26.57953953100497,16.524974553229388,27,0.281762,0.23781,0.410155,0.624533,0.178808,0.382992,38.3,Obfuscated
Grindr,13989,763,18.334207077326344,91479,2488,32.49568492867317,14.1560240257703,55,0.500613,0.096391,0.635543,0.480122,0.364238,0.378604,37.86,Obfuscated
DocuSign,8706,465,18.72258064516129,56524,1618,29.636257582710044,14.533259290444352,67,0.304183,0.103583,0.390127,0.54992,0.443709,0.376541,37.65,Obfuscated
Bumble,16380,244,67.1311475409836,83813,1638,48.905713056393836,24.07856072955399,0,0.589515,1.0,0.395769,0.079557,0.0,0.376373,37.64,Obfuscated
Atlassian,8418,407,20.683046683046683,54376,1618,26.224675031307243,15.88567645299359,32,0.293475,0.139887,0.390127,0.633195,0.211921,0.367334,36.73,Obfuscated
Bitbucket,8418,407,20.683046683046683,54376,1618,26.224675031307243,15.88567645299359,32,0.293475,0.139887,0.390127,0.633195,0.211921,0.367334,36.73,Obfuscated
Confluence,8418,407,20.683046683046683,54376,1618,26.224675031307243,15.88567645299359,32,0.293475,0.139887,0.390127,0.633195,0.211921,0.367334,36.73,Obfuscated
Jira,8418,407,20.683046683046683,54376,1618,26.224675031307243,15.88567645299359,32,0.293475,0.139887,0.390127,0.633195,0.211921,0.367334,36.73,Obfuscated
Trello,8418,407,20.683046683046683,54376,1618,26.224675031307243,15.88567645299359,32,0.293475,0.139887,0.390127,0.633195,0.211921,0.367334,36.73,Obfuscated
Clubhouse,10994,465,23.643010752688173,68192,1801,31.560321344932646,15.251925196115057,35,0.389255,0.194698,0.441749,0.502954,0.231788,0.354166,35.42,Obfuscated
Veeva Systems,5905,307,19.234527687296417,38568,1377,24.239593357691007,15.58325233778767,19,0.200037,0.113063,0.322144,0.681651,0.125828,0.344227,34.42,Obfuscated
BeReal,5438,222,24.495495495495497,33004,1227,28.221606693903226,16.858143936861158,26,0.182673,0.210484,0.279831,0.584451,0.172185,0.337866,33.79,Obfuscated
PayPal,6930,314,22.070063694267517,43518,1399,28.75606249118232,15.696884023466897,30,0.238148,0.165571,0.32835,0.571405,0.198675,0.337769,33.78,Moderate
Canva,8198,346,23.69364161849711,50165,1616,35.95615061119301,14.804264968514303,62,0.285295,0.195636,0.389563,0.395653,0.410596,0.336993,33.7,Moderate
Wattpad,3300,127,25.984251968503937,20639,734,27.007432561243007,16.346394052044612,25,0.103179,0.238053,0.140762,0.614088,0.165563,0.331951,33.2,Moderate
GitLab,1876,81,23.160493827160494,12465,713,23.782136370209685,16.05020997830803,15,0.050232,0.185763,0.134838,0.692817,0.099338,0.327301,32.73,Moderate
PagerDuty,4662,252,18.5,30801,1229,25.27167248400235,15.759798055347797,22,0.15382,0.099461,0.280395,0.656458,0.145695,0.327186,32.72,Moderate
GitHub,6146,334,18.40119760479042,40792,1611,28.460280056226253,14.469839025336018,27,0.208998,0.097632,0.388152,0.578625,0.178808,0.322403,32.24,Moderate
Citigroup,2003,89,22.50561797752809,13066,684,23.3797253140404,16.490137541739546,9,0.054954,0.173636,0.126657,0.70264,0.059603,0.319415,31.94,Moderate
Twilio,5133,293,17.51877133105802,33729,1506,26.698024333645634,14.646450526437615,21,0.171333,0.081291,0.358533,0.621641,0.139073,0.318698,31.87,Moderate
Medium,3050,128,23.828125,19433,899,26.77489965102413,16.131189021247774,16,0.093884,0.198126,0.187306,0.619765,0.10596,0.31576,31.58,Moderate
Qualtrics,3415,177,19.293785310734464,22556,1064,25.447978436122497,15.345323061038084,17,0.107455,0.114161,0.23385,0.652154,0.112583,0.313441,31.34,Moderate
ClickUp,4116,173,23.791907514450866,26059,1059,28.418423689206975,15.39465517744998,15,0.133519,0.197456,0.23244,0.579647,0.099338,0.308704,30.87,Moderate
Airtable,4671,244,19.14344262295082,30049,1162,29.702002789956197,15.0401474691112,33,0.154155,0.111377,0.261495,0.548315,0.218543,0.305028,30.5,Moderate
Asana,3995,175,22.82857142857143,25152,1192,29.88926187429294,16.440160129082518,17,0.12902,0.179617,0.269958,0.543744,0.112583,0.297629,29.76,Moderate
Wix,1657,82,20.20731707317073,10875,559,23.753824421344945,16.004819415773035,5,0.04209,0.131077,0.091396,0.693508,0.033113,0.295468,29.55,Moderate
JPMorgan Chase,2282,94,24.27659574468085,14525,722,26.520229847333695,16.48253105564581,1,0.065328,0.206431,0.137377,0.625981,0.006623,0.292296,29.23,Moderate
Cloudflare,6816,471,14.471337579617835,45579,1719,29.780726592825943,14.31332640540144,22,0.23391,0.02486,0.418618,0.546393,0.145695,0.291844,29.18,Moderate
DigitalOcean,3197,213,15.009389671361502,20956,936,25.717895992322383,15.409611597626583,16,0.099349,0.034823,0.197743,0.645566,0.10596,0.285555,28.56,Moderate
Fastly,6258,346,18.08670520231214,39129,1392,33.50748647595867,14.007071408321174,37,0.213162,0.091808,0.326375,0.455424,0.245033,0.285311,28.53,Moderate
Intercom,4952,304,16.289473684210527,31432,1249,29.637782746125993,14.549840027754222,23,0.164603,0.058528,0.286037,0.549882,0.152318,0.282618,28.26,Moderate
Bose,525,25,21.0,3544,235,23.370554621848754,17.671641456582638,0,0.0,0.145756,0.0,0.702864,0.0,0.282441,28.24,Moderate
Workday,4515,255,17.705882352941178,29565,1217,31.834734453794766,13.640040445092545,32,0.148355,0.084756,0.27701,0.496255,0.211921,0.279799,27.98,Moderate
Substack,4358,218,19.990825688073393,27931,1127,30.55093678160921,15.001758620689657,16,0.142517,0.127068,0.251622,0.527592,0.10596,0.27703,27.7,Moderate
Shopify,3136,114,27.50877192982456,19103,841,33.2253263955856,15.781164416586307,11,0.097081,0.266284,0.170945,0.462311,0.072848,0.269752,26.98,Moderate
HubSpot,8545,550,15.536363636363637,54387,1647,37.0973015520168,13.175089119715466,45,0.298197,0.044582,0.398307,0.367797,0.298013,0.269127,26.91,Moderate
Strava,4131,192,21.515625,26783,1178,32.864888291348876,14.209233969713463,16,0.134077,0.155304,0.266008,0.47111,0.10596,0.264915,26.49,Moderate
Fitbit,4964,208,23.865384615384617,31115,1115,34.30457593924007,14.925807437117317,15,0.165049,0.198816,0.248237,0.435967,0.099338,0.263489,26.35,Moderate
Flickr,5573,307,18.153094462540718,35620,1479,33.956165789547015,14.077045883451838,21,0.187693,0.093038,0.350917,0.444472,0.139073,0.2605,26.05,Moderate
Vanguard,3775,169,22.337278106508876,24041,950,31.52590834032293,15.015589134689318,3,0.12084,0.170519,0.201693,0.503794,0.019868,0.255185,25.52,Easy
Asus,5339,289,18.474048442906575,34868,1356,33.25896379044687,14.616515151515152,13,0.178992,0.098981,0.31622,0.46149,0.086093,0.253007,25.3,Easy
YouTube,8708,346,25.167630057803468,53501,1629,39.141308493739274,14.211279627311747,9,0.304257,0.222931,0.39323,0.317904,0.059603,0.248668,24.87,Easy
Google,8708,346,25.167630057803468,53501,1629,39.141308493739274,14.211279627311747,9,0.304257,0.222931,0.39323,0.317904,0.059603,0.248668,24.87,Easy
Zendesk,5424,366,14.819672131147541,34755,1354,33.73684293727695,13.637374225978,24,0.182153,0.03131,0.315656,0.449825,0.15894,0.246835,24.68,Easy
Hinge,4174,174,23.988505747126435,25021,1195,36.582826187385564,14.68083086893294,15,0.135676,0.201096,0.270804,0.380356,0.099338,0.243914,24.39,Easy
New Relic,5687,358,15.885474860335195,35073,1351,37.23620531724757,13.581314630409807,38,0.191932,0.051046,0.31481,0.364407,0.251656,0.241309,24.13,Easy
Coinbase,3399,219,15.520547945205479,21823,941,31.601859164055384,14.171340042513368,18,0.10686,0.044289,0.199154,0.50194,0.119205,0.241194,24.12,Easy
Experian,1122,61,18.39344262295082,7189,437,30.021438300877833,14.33111055056671,0,0.022197,0.097488,0.056982,0.540517,0.0,0.221471,22.15,Easy
Datadog,3605,229,15.74235807860262,22971,885,33.76528343438082,13.204431665663908,15,0.114519,0.048396,0.183357,0.449131,0.099338,0.21895,21.9,Easy
X (Twitter),5284,270,19.57037037037037,32239,1271,38.10390764880617,13.78543742713967,11,0.176947,0.119282,0.292243,0.343226,0.072848,0.211438,21.14,Easy
Splunk,3738,253,14.774703557312254,24037,1050,35.08482880727823,13.293291382094342,17,0.119465,0.030477,0.229901,0.416921,0.112583,0.210995,21.1,Easy
Cisco,3738,253,14.774703557312254,24037,1050,35.08482880727823,13.293291382094342,17,0.119465,0.030477,0.229901,0.416921,0.112583,0.210995,21.1,Easy
Discord,5629,297,18.95286195286195,34825,1303,40.94031494309024,12.592512959796789,21,0.189775,0.107847,0.301269,0.273991,0.139073,0.199778,19.98,Easy
Signal,1972,122,16.16393442622951,12469,677,36.65231963470322,12.810410668986012,9,0.053802,0.056203,0.124683,0.378659,0.059603,0.176351,17.64,Easy
Goldman Sachs,1561,83,18.80722891566265,9686,523,36.583706293706285,14.028566433566436,3,0.03852,0.105151,0.081241,0.380334,0.019868,0.175354,17.54,Easy
LinkedIn,5055,320,15.796875,31544,1291,40.32049765807963,12.766888498568829,10,0.168433,0.049406,0.297884,0.28912,0.066225,0.17342,17.34,Easy
Adyen,2112,102,20.705882352941178,13163,613,38.87401866490339,13.107950968310742,5,0.059007,0.140309,0.106629,0.324428,0.033113,0.171813,17.18,Easy
SurveyMonkey,4687,357,13.128851540616246,29263,1121,41.16417262390078,11.924523445538021,23,0.15475,0.0,0.249929,0.268526,0.152318,0.164916,16.49,Easy
Barclays,1107,41,27.0,6545,377,41.94699918548352,13.940398660572878,0,0.02164,0.256862,0.040056,0.249418,0.0,0.157681,15.77,Easy
Vimeo,4152,278,14.93525179856115,25757,1210,42.557352890982315,11.803849580176124,13,0.134858,0.03345,0.275035,0.234519,0.086093,0.148652,14.87,Easy
Klarna,1050,54,19.444444444444443,6468,416,39.76521179900533,12.7252763962728,0,0.01952,0.11695,0.051058,0.302674,0.0,0.142231,14.22,Easy
Dropbox,2857,172,16.61046511627907,17644,838,42.577300476474136,12.445823903116935,11,0.086708,0.064472,0.170099,0.234032,0.072848,0.138279,13.83,Easy
Snapchat,5343,252,21.202380952380953,31987,1233,46.64299879859573,12.333718893780834,5,0.179141,0.149503,0.281523,0.13479,0.033113,0.137241,13.72,Easy
Pinterest,3288,171,19.228070175438596,19682,862,45.68692136041861,11.8692782394583,12,0.102733,0.112944,0.176869,0.158127,0.07947,0.127435,12.74,Easy
HSBC,2229,91,24.494505494505493,12676,608,46.67670295690269,13.00578066954412,4,0.063358,0.210466,0.105219,0.133967,0.02649,0.121661,12.17,Easy
Goodreads,951,56,16.982142857142858,5749,367,52.164956017956825,10.52672712933754,2,0.015839,0.071354,0.037236,0.0,0.013245,0.025795,2.58,Easy
